index,Idea,Score
0,"Expro Group Holdings N.V. engages in the provision of energy services in North and Latin America, Europe and Sub-Saharan Africa, the Middle East and North Africa, and the Asia-Pacific. The company provides well construction services, such as technology solutions in drilling, tubular running services, and cementing and tubulars; and well management services, including well flow management, subsea well access, and well intervention and integrity services. It serves exploration and production companies in onshore and offshore environments in approximately 60 countries. The company was founded in 1938 and is based in Houston, Texas.",3.619893078178836
1,"DENTSPLY SIRONA Inc. manufactures and sells various dental products and technologies for professional dental market worldwide. The company operates through two segments, Technologies & Equipment, and Consumables. The Technologies & Equipment segment provides dental equipment, such as treatment centers, imaging equipment, motorized dental handpieces, and other instruments for dental practitioners and specialists; dental CAD/CAM technologies for dental offices to support various digital dental procedures, including dental restorations; dentist-directed aligner solutions, SureSmile, and direct-to-consumer clear aligner solutions, as well as high frequency vibration technology device; implants; and urology catheters and other healthcare-related consumable products. The Consumables segment offers endodontic products comprising drills, filers, sealers, irrigation needles, and other tools or single-use solutions, which support root canal procedures; restorative products that include artificial teeth, dental ceramics, digital dentures, precious metal dental alloys, and crown and bridge porcelain products. It also provides small equipment products, which comprise intraoral curing light systems, dental diagnostic systems, and ultrasonic scalers and polishers, as well as dental anesthetics, prophylaxis paste, dental sealants, impression materials, teeth whiteners, and topical fluoride. DENTSPLY SIRONA Inc. was founded in 1877 and is headquartered in Charlotte, North Carolina.",4.131386759265309
2,The fund generally will invest at least 90% of its total assets in the securities that comprise the underlying index. The index is designed to measure the volatility-driven weighted performance of the 100 constituents of the S&P 500 ® Index that exhibit the lowest volatility and low sensitivity to changes in the 10-year U.S. Treasury rates (interest rate risk).,1.6734210053848946
3,"In seeking to track the performance of the S&P Retail Select Industry Index (the ""index""), the fund employs a sampling strategy. It generally invests substantially all, but at least 80%, of its total assets in the securities comprising the index. The index represents the retail segment of the S&P Total Market Index (""S&P TMI"").",2.656115704292249
4,"XORTX Therapeutics Inc., a late stage clinical pharmaceutical company, engages in the development and commercialization of therapies to treat progressive kidney diseases, diabetes, insulin resistance, metabolic syndrome, diabetes, diabetic nephropathy, and infection. It develops XRx-008, a late clinical stage program therapy for autosomal dominant polycystic kidney disease; XRx-101, an uric acid lowering agent used to treat patients infected with the coronavirus COVID-19 infection and acute kidney injury (AKI) associated health consequences; and XRX-225, a program for treatment of type 2 diabetic nephropathy. The company has a collaboration and license agreements with the Icahn School of Medicine to study the incidence of AKI and hyperuricemia in patients hospitalized with COVID-19; and with the University of Florida Research Foundation, Inc. XORTX Therapeutics Inc. is based in Alberta Beach, Canada.",7.280887960201631
5,"Xerox Holdings Corporation, a workplace technology company, designs, develops, and sells document management systems and solutions in the Americas, Europe, the Middle East, Africa, India, and internationally. It offers workplace solutions, including desktop monochrome, and color and multifunction printers; digital printing presses and light production devices, and solutions; and digital services that leverage workflow automation, personalization and communication software, content management solutions, and digitization services. The company also provides graphic communications and production solutions; and IT services, end user computing devices, network infrastructure, communications technology, and a range of managed IT solutions, such as technology product support, professional engineering, and commercial robotic process automation; and provides finance for the sale of Xerox, non-Xerox office, and IT services equipment. In addition, it provides FreeFlow a portfolio of software solutions for the automation and integration to the processing of print job comprises file preparation, final production, and electronic publishing. Further, the company sells paper products and wide-format systems, licensing, as well as standalone software such as CareAR, DocuShare, and XMPie. The company sells its products and services directly to its customers through its direct sales force, as well as through independent agents, dealers, value-added resellers, systems integrators, and e-commerce marketplaces. Xerox Holdings Corporation was founded in 1906 and is headquartered in Norwalk, Connecticut.",5.213924162851521
6,"In seeking to track the performance of the S&P Semiconductor Select Industry Index (the ""index""), the fund employs a sampling strategy. It generally invests substantially all, but at least 80%, of its total assets in the securities comprising the index. The index represents the semiconductors segment of the S&P Total Market Index (""S&P TMI"").",2.7926907725806975
7,"The fund generally will invest at least 90% of its total assets in the securities that comprise the index. Strictly in accordance with its guidelines and mandated procedures, S&P Dow Jones Indices LLC compiles, maintains and calculates the index, which is designed to measure the performance of approximately 120 securities in the S&P SmallCap 600 ® Index that have exhibited the lowest volatility over the past 12 months.",2.258245089122082
8,"The fund generally will invest at least 90% of its total assets in securities that comprise the underlying index. Strictly in accordance with its guidelines and mandated procedures, the index provider compiles, maintains and calculates the underlying index, which is composed of constituents of the S&P SmallCap 600® Index that have the highest ""momentum score.""",2.2314735695540304
9,"Under normal circumstances, at least 80% of the fund's total assets will be invested in component securities of the index and investments that have economic characteristics that are substantially identical to the economic characteristics of such component securities. The index is a modified float-adjusted market cap weighted index that consists of common stocks in emerging markets, excluding common stocks of ""state-owned enterprises."" The fund is non-diversified.",2.536995511255334
10,"The fund generally will invest at least 90% of its total assets in securities that comprise the underlying index. Strictly in accordance with its guidelines and mandated procedures, the index provider compiles, maintains and calculates the underlying index, which is designed to measure the performance of 120 stocks in the S&P SmallCap 600® Index that have relatively high “value” and “momentum” scores.",2.367640869901091
11,"In seeking to track the performance of the S&P Software & Services Select Industry Index (the ""index""), the fund employs a sampling strategy. It generally invests substantially all, but at least 80%, of its total assets in the securities comprising the index. The index represents the software and services segment of the S&P Total Market Index (""S&P TMI"").",2.3071749646722375
12,"In seeking to track the performance of the S&P Telecom Select Industry Index (the ""index""), the fund employs a sampling strategy. It generally invests substantially all, but at least 80%, of its total assets in the securities comprising the index. The index represents the telecommunications segment of the S&P Total Market Index (""S&P TMI"").",2.1252961304882265
13,"XTL Biopharmaceuticals Ltd., a biopharmaceutical company, engages in the acquisition and development of pharmaceutical products for the treatment of autoimmune diseases. Its lead drug candidate is hCDR1, a Phase II-ready asset for the treatment of systemic lupus erythematosus and Sjogren's syndrome. It has a licensing agreement with Yeda Research and Development Company Limited for the research, development, and commercialization of hCDR1 for various indications. The company was formerly known as Xenograft Technologies Ltd. and changed its name to XTL Biopharmaceuticals Ltd. in July 1995. XTL Biopharmaceuticals Ltd. was incorporated in 1993 and is headquartered in Ramat Gan, Israel.",1.5652917961736281
14,"In seeking to track the performance of the S&P Transportation Select Industry Index (the ""index""), the fund employs a sampling strategy. It generally invests substantially all, but at least 80%, of its total assets in the securities comprising the index. The index represents the transportation segment of the S&P Total Market Index (""S&P TMI"").",2.1210303326194726
15,"Xtant Medical Holdings, Inc. develops, manufactures, and markets regenerative medicine products and medical devices for orthopedic and neurological surgeons in the United States and internationally. Its biomaterial products include OsteoSponge that provides a natural scaffold for cellular in-growth and exposes bone-forming proteins to the healing environment; OsteoSponge SC that fills bony defects in the subchondral region of joints; OsteoSelect DBM Putty for osteoinductive bone growth; OsteoSelect PLUS DBM Putty for use as a bone void filler and bone graft substitute in the pelvis, extremities, and posterolateral spine; OsteoFactor, which contains various proteins and peptides that support bone formation and remodeling; OsteoWrap; and OsteoVive Plus, a growth factor enriched cellular bone matrix. The company also provides 3Demin, a family of allografts that maximizes osteoconductivity and the osteoinductive potential of human bone. In addition, it processes and distributes sports allografts for anterior and posterior cruciate ligament repairs, anterior cruciate ligament reconstruction, and meniscal repair; milled spinal allografts for cortical bone milled to desired shapes and dimensions; and traditional allografts for orthopedics, neurology, podiatry, oral/maxillofacial, genitourinary, and plastic/reconstructive applications. Further, the company offers Certex spinal fixation, Spider cervical plating, Axle interspinous fusion, Silex Sacroiliac joint fusion, Xpress minimally invasive pedicle screw, and Fortex Pedicle screw systems. Additionally, it provides Calix for cervical and thoracolumbar applications, Axle-X interspinous fusion system, Irix-C cervical integrated fusion system, and Irix-A Lumbar integrated fusion system. The company was formerly known as Bacterin International Holdings, Inc. and changed its name to Xtant Medical Holdings, Inc. in July 2015. Xtant Medical Holdings, Inc. is headquartered in Belgrade, Montana.",4.720422689576613
16,"XWELL, Inc., a health and wellness services company, provides spa services at airports. It operates through XpresSpa, XpresTest, Treat, and HyperPointe segments. The company offers spa services, including massage, and nail and skin care, as well as spa and travel products; and retail products. It also provides diagnostic COVID-19 tests at XpresCheck wellness centers in airports; and other medical diagnostic testing services. In addition, the company offers marketing support to health and health-related channels. It operates stores, as well as offers its services through an integrated digital platform. The company was formerly known as XpresSpa Group, Inc. and changed its name to XWELL, Inc. in October 2022. XWELL, Inc. was founded in 2006 and is headquartered in New York, New York.",6.886264425273735
17,"22nd Century Group, Inc., an agricultural biotechnology company, focuses on tobacco harm reduction, reduced nicotine tobacco, and enhancing health and wellness through plant science for the life science and consumer products industries. It develops very low nicotine content tobacco and cigarette products under the VLN King and VLN Menthol King names; and SPECTRUM research cigarettes for use in independent clinical studies. The company has collaboration with Keygene N.V. to develop hemp/cannabis plants for exceptional cannabinoid profiles and other superior agronomic traits for medical, therapeutic, and agricultural uses, as well as other applications. 22nd Century Group, Inc. was founded in 1998 and is headquartered in Buffalo, New York.",2.6354492866131536
18,"X Financial provides personal finance services in the People's Republic of China. The company offers services as an online marketplace connecting borrowers and investors. Its loan products include Xiaoying credit loan, which consists of Xiaoying card loan; and Xiaoying preferred loan to small business owners, as well as Xiaoying revolving loan. The company also offers Xiaoying housing loan, a home equity loan product for property owners; investment products through Xiaoying wealth management platform, such as loans, money market, and insurance products; and loan facilitation services to other platforms. The company was incorporated in 2014 and is headquartered in Shenzhen, the People's Republic of China.",3.6074160081757727
19,"Xylem Inc., together with its subsidiaries, engages in the design, manufacture, and servicing of engineered products and solutions for the water and wastewater applications in the United States, Europe, the Asia Pacific, and internationally. It operates through three segments: Water Infrastructure, Applied Water, and Measurement & Control Solutions. The Water Infrastructure segment offers various products, including water, storm water, and wastewater pumps; controls and systems; filtration, disinfection, and biological treatment equipment; and mobile dewatering equipment and rental services under the Flygt, Godwin, Sanitaire, Leopold, Wedeco, and Xylem Vue brand names for the transportation and treatment of water. The Applied Water segment provides pumps, valves, heat exchangers, controls, and dispensing equipment systems under the Goulds Water Technology, Bell & Gossett, A-C Fire Pump, Standard Xchange, Lowara, Jabsco, Xylem Vue, and Flojet brand names for residential and commercial building services, and industrial water applications. The Measurement & Control Solutions segment offers smart meters, networked communication devices, data analytics, test equipment, controls, sensor devices, software and managed services, and critical infrastructure services; and software and services, including cloud-based analytics, remote monitoring and data management, leak detection, condition assessment, asset management, and pressure monitoring solutions, as well as testing equipment. This segment sells its products under the Pure Technologies, Sensus, Smith Blair, WTW, Xylem Vue, and YSI brand names. The company markets and sells its products through a network of direct sales force, resellers, distributors, and value-added solution providers. Xylem Inc. was formerly known as ITT WCO, Inc. and changed its name to Xylem Inc. in May 2011. Xylem Inc. was incorporated in 2011 and is headquartered in Washington, District of Columbia.",2.9641382742541826
20,"The fund invests at least 80% of its total assets in the securities of the underlying index. The underlying index measures the performance of a hypothetical portfolio that employs a covered call strategy. A covered call strategy is generally considered to be an investment strategy in which an investor buys a security, and sells (or ""writes"") a call option on that security in an attempt to generate more income.",2.905421564881045
21,"Yalla Group Limited operates a social networking and entertainment platform primarily in the Middle East and North Africa region. It provides mobile applications, including Yalla, a voice-centric group chat platform; and Yalla Ludo, a casual gaming application. The company's platform offers group chatting and games services; and sells virtual items, as well as provides upgrade services. The company was formerly known as FYXTech Corporation. Yalla Group Limited was founded in 2016 and is headquartered in Dubai, the United Arab Emirates.",4.26568187375782
22,"The fund, under normal circumstances, invests at least 80% of the fund’s net assets (plus borrowing for investment purposes) in swap agreements, futures contracts, short positions or other financial instruments that provide inverse (opposite) or short daily exposure to the index or to ETFs that track the index. The index consists of the 50 largest and most liquid public Chinese companies currently trading on the Hong Kong Stock Exchange (""SEHK""). The fund is non-diversified.",5.825758458639609
23,"cbdMD, Inc. produces and distributes various cannabidiol (CBD) products. The company owns and operates consumer hemp-based CBD brands, such as cbdMD, Paw CBD, and cbdMD Botanicals. Its cbdMD brand products include CDB tinctures, gummies, topicals, capsules, bath bombs, bath salts, and sleep aids. The company also offers veterinarian-formulated products, including tinctures, chews, and topicals under the Paw CBD brand name. It distributes its products through its e-commerce website, third-party e-commerce sites, wholesalers, and various brick and mortar retailers in the United States. The company was formerly known as Level Brands, Inc. and changed its name to cbdMD, Inc. in May 2019. cbdMD, Inc. was incorporated in 2015 and is headquartered in Charlotte, North Carolina.",8.206933862097735
24,"The fund seeks to meet its investment objective by investing under normal market conditions in any one of, or combinations of, Financial Instruments based on the fund’s benchmark. It will also hold cash or cash equivalents such as U.S. Treasury securities or other high credit quality, short-term fixed-income or similar securities as collateral for Financial Instruments and pending investment in Financial Instruments.",3.1471064129567434
25,"The fund seeks to meet its investment objective by investing under normal market conditions in any one of, or combinations of, Financial Instruments based on the fund’s benchmark. It will also hold cash or cash equivalents such as U.S. Treasury securities or other high credit quality, short-term fixed-income or similar securities as collateral for Financial Instruments and pending investment in Financial Instruments.",2.066551612270356
26,"YETI Holdings, Inc. designs, markets, retails, and distributes products for the outdoor and recreation market under the YETI brand. It offers coolers and equipment, including hard and soft coolers, cargo, bags, outdoor living, and associated accessories. The company also provides drinkware products, such as colsters, lowballs, wine tumblers, stackable pints, mugs, tumblers, straw mugs and cups, bottles, jugs, and water bottles, as well as accessories comprising bottle straw and chug caps, lids, straw lids, color packs, tumbler handles, and jug mounts under the Rambler brand. In addition, it offers YETI-branded gear products, such as hats, shirts, bottle openers, and ice substitutes. The company sells its products through independent retailers, including outdoor specialty, hardware, sporting goods, and farm and ranch supply stores, as well as through Website. It operates in the United States, Canada, Australia, New Zealand, Europe, Hong Kong, China, Singapore, and Japan. YETI Holdings, Inc. was founded in 2006 and is headquartered in Austin, Texas.",2.5913710985446214
27,"Yext, Inc. organizes business facts to provide answers to consumer questions in North America and internationally. It operates Yext platform, a cloud-based platform that allows its customers to provide answers to consumer questions, to control the facts about their businesses and the content of their landing pages, and to manage their consumer reviews, as well as provides customers to update their information and content through its knowledge network of approximately 200 maps, apps, search engines, intelligent GPS systems, digital assistants, vertical directories, and social networks. The platform enables its customers to centralize, control and manage data fields, including store information, such as name, address, phone number and holiday hours; professional information, comprising of headshot, specialties, and education; job information, consisting of title and description; and FAQs and other information. It serves the healthcare, retail, and financial services industries. The company was incorporated in 2006 and is headquartered in New York, New York.",4.674806044895806
28,"MingZhu Logistics Holdings Limited, through its subsidiaries, provides trucking services in the People's Republic of China. It also provides car-hailing and driver management services, and car owner services. The company serves sizeable third-party logistics companies, freight forwarders, and warehouse operators, as well as other supply chain service providers. MingZhu Logistics Holdings Limited was founded was founded in 2002 and is headquartered in Shenzhen, the People's Republic of China.",6.842384526801091
29,"Yunhong Green CTI Ltd. develops, produces, distributes, and sells consumer products in the United States and internationally. It offers novelty products, including foil balloons; latex balloons under the Partyloons name; and toy balloon products, which include punch balls, water bombs, and balloons twisted into shapes, as well as other inflatable toy items. The company also offers packaging films and custom film products for food, and other commercial and packaging applications; and container products, as well as assembles and sells Candy Blossom product line. It primarily serves various retail outlets, including general merchandise stores, discount and drugstore chains, grocery chains, card and gift shops, party goods stores, and florists and balloon decorators. The company sells its products directly, as well as through a network of distributors and wholesalers, retail chains, and independent sales representatives. The company was formerly known as Yunhong CTI Ltd. and changed its name to Yunhong Green CTI Ltd. in August 2023. Yunhong Green CTI Ltd. was founded in 1983 and is headquartered in Lake Barrington, Illinois.",2.023655575416989
30,"The fund, under normal circumstances, invests at least 80% of its net assets (plus borrowing for investment purposes) in financial instruments, such as swap agreements, exchange-traded funds (""ETFs"") that track the index, securities of the index and other financial instruments that provide daily leveraged exposure to the index or to ETFs that track the index. The index consists of the 50 largest and most liquid public Chinese companies currently trading on the Hong Kong Stock Exchange. The fund is non-diversified.",8.45922893368017
31,"Yunji Inc., together with its subsidiaries, operates a social e-commerce platform in the People's Republic of China. It offers a range of product categories that cater various daily needs of users and their households, including beauty and personal care, household goods, cloths, food and fresh produce, computer and electronics, apparel, bags and cases, baby and maternity products, and home appliances. The company was founded in 2015 and is headquartered in Hangzhou, the People's Republic of China.",7.077092648504032
32,"The fund is an actively managed exchange-traded fund (“ETF”) that seeks to achieve its investment objective by investing, under normal circumstances, at least 80% of its net assets, plus any borrowings for investment purposes, in below-investment grade (commonly known as ""junk"" or “high yield”) fixed income securities, such as bonds and bank loans. It invests in U.S. treasury bills, bonds, and other obligations issued or guaranteed by the U.S. government or its agencies or instrumentalities, investment grade bank loans (also known as senior floating rate interests), and preferred securities.",2.1185047688460976
33,"Y-mAbs Therapeutics, Inc., a commercial-stage biopharmaceutical company, focuses on the development and commercialization of novel antibody based therapeutic products for the treatment of cancer in the United States. It offers DANYELZA, a monoclonal antibody in combination with granulocyte-macrophage colony-stimulating factor for the treatment of pediatric patients with relapsed or refractory high-risk neuroblastoma. The company is also developing DANYELZA for the treatment of patients with second-line relapsed osteosarcoma and is in Phase II clinical study; GD2-SADA, which is in Phase I clinical trial for the treatment of GD2 positive solid tumor; and Omburtamab, a murine monoclonal antibody which has completed pivotal phase 2 clinical trials for the treatment of central nervous system/ leptomeningeal metastases from neuroblastoma, and Omburtamab 03-133 that is in phase 1 clinical trials for the treatment of intrathecal immunotherapy for CNS/leptomeningeal metastases. In addition, its product pipeline includes huB7-H3 for the treatment of systemic solid tumors. The company has a license agreement with Memorial Sloan Kettering Cancer Center and Massachusetts Institute of Technology to develop and commercialize licensed products. Y-mAbs Therapeutics, Inc. was incorporated in 2015 and is headquartered in New York, New York.",7.534008862025608
34,"Full Truck Alliance Co. Ltd., together with its subsidiaries, operates a digital freight platform that connects shippers with truckers to facilitate shipments across distance ranges, cargo weights, and types in the People's Republic of China. The company offers freight listing, matching, and brokerage services; and online transaction services, as well as various value-added services, such as credit solutions, insurance brokerage, software solutions, electronic toll collection, and energy services. It also provides technology development and other services. The company was founded in 2011 and is based in Guiyang, China.",5.437881022330139
35,"Yoshiharu Global Co. operates Japanese restaurants in California. It offers ramen, sushi rolls, bento boxes, and other Japanese cuisines. The company was founded in 2016 and is based in Buena Park, California.",5.229452199581547
36,"Yotta Acquisition Corporation does not have significant operations. It focuses on effecting a merger, share exchange, asset acquisition, stock purchase, recapitalization, reorganization, or other similar business combination with one or more businesses or entities. The company intends to focus on high technology, blockchain, software and hardware, ecommerce, social media, and other general business industries worldwide. Yotta Acquisition Corporation was incorporated in 2021 and is based in New York, New York.",1.7166417921876107
37,"Clear Secure, Inc. operates a secure identity platform under the CLEAR brand name primarily in the United States. Its secure identity platform is a multi-layered infrastructure consisting of front-end, including enrollment, verification, and linking. The company also offers CLEAR Plus, a consumer aviation subscription service, which enables access to predictable entry lanes in airport security checkpoints, as well as access to broader network; and CLEAR mobile app, which is used to enroll new members and enhance the experience for existing members. In addition, it provides Reserve powered by CLEAR, a virtual queuing technology that provides users with the choice of how they queue either at home or on the move; and Atlas Certified, an automated solution to verify professional licenses and certification data across industries by communicating with certifying organizations for on-demand, current, and trusted data. The company was founded in 2010 and is headquartered in New York, New York.",3.289101349442543
38,"YPF Sociedad Anónima, an energy company, engages in the oil and gas upstream and downstream activities in Argentina. Its upstream operations include the exploration, exploitation, and production of crude oil, natural gas, and NGLs. The company's downstream operations include the refining, marketing, and distribution of oil and petroleum products, as well as petroleum derivatives, such as petrochemicals, hydrocarbons, non-fossil fuels, biofuels, and related components; and production of hydrocarbons electric power. Its gas and power operations include transportation, commercialization, and distribution of natural gas; operation of regasification terminals; conditioning, processing, and separation of natural gas; and power generation. The company had interests in 116 oil and gas fields; approximately 606 million barrels (mmbbl) of oil; and approximately 2,826 billion cubic feet (bcf) of gas. It also had a retail distribution network of 1,658 YPF-branded service stations; and 17 exploration permits. In addition, the company owns and operates three refineries with combined annual refining capacity of approximately 119.7 mmbbl; approximately 2,800 kilometers of crude oil pipelines with approximately 640,000 barrels of aggregate daily transportation capacity of refined products; and crude oil tankage of approximately 7 mmbbl, as well as maintains terminal facilities at five Argentine ports. Further, it participates in 21 power generation plants with an aggregate installed capacity of 3,091 megawatts; offers diesel, fertilizers, lubricants, phytosanitary products, and ensiling bags; and supplies diesel, gasoline, fuel oil, coal, asphalts, paraffin, and sulfur, CO2, decanted oil, and aromatic extract. The company was founded in 1977 and is headquartered in Buenos Aires, Argentina.",2.783002699348503
39,"17 Education & Technology Group Inc., an education technology company, provides education and education technology services in the People's Republic of China. It also offers other educational products and services, including membership-based educational content subscriptions to à la carte workbooks, study plans, and associated services. In addition, the company offers teaching and learning SaaS solutions, such as education informatization services for education-related government entities, schools, and service providers. 17 Education & Technology Group Inc. was incorporated in 2012 and is headquartered in Beijing, the People's Republic of China.",9.129017334650925
40,"Yiren Digital Ltd., through its subsidiaries, operates as an online consumer finance marketplace that connects borrowers and investors in the People's Republic of China. The company operates through Wealth, Credit, and Other segments. It offers loan facilitation services; and post-origination services, such as cash processing, collection, and SMS services. It also distributes short-term cash management and insurance products. In addition, the company offers consultancy; information technology support; referral; and IT, system maintenance, and customer support services. Further, it involved in the provision of services for financing lease; and insurance brokerage and electronic commerce businesses. The company offers its products through a wealth management website and mobile application. The company was formerly known as Yirendai Ltd. and changed its name to Yiren Digital Ltd. in September 2019. Yiren Digital Ltd. was founded in 2012 and is based in Beijing, the People's Republic of China. Yiren Digital Ltd. is a subsidiary of Creditease Holdings (Cayman) Limited.",6.796872759454244
41,"Yatsen Holding Limited, together with its subsidiaries, engages in the development and sale of beauty products under the Perfect Diary, Little Ondine, Pink Bear, Abby's Choice, GalÃnic, DR.WU, Eve Lom, and EANTiM brands in the People's Republic of China. The company offers color cosmetics for lips, eyes, and face; skin care products, including face serums and creams, eye creams, masks, toners, makeup removers, cleansers, ampoules, and anti-acne patches; and beauty tools and kits, sunscreen products, colored contact lenses, and beauty devices. It sells its products through stores and online channel. The company was formerly known as Mangrove Bay Ecommerce Holding (Cayman) and changed its name to Yatsen Holding Limited in January 2019. Yatsen Holding Limited was founded in 2016 and is headquartered in Guangzhou, China.",8.714008760403594
42,"Yield10 Bioscience, Inc. operates as agricultural bioscience company in the United States. The company primarily focus on production of low carbon products through processing Camelina seeds. Its products include Camelina oil for low carbon biofuel feedstock; Omega-3 oils for nutrition; and PHA bioplastics for biodegradable zero waste packaging solutions. The company was formerly known as Metabolix, Inc. and changed its name to Yield10 Bioscience, Inc. in January 2017. Yield10 Bioscience, Inc. was incorporated in 1992 and is headquartered in Woburn, Massachusetts.",6.466580627314082
43,"Yatra Online, Inc. operates as an online travel company in India and internationally. It operates in Air Ticketing, and Hotels and Packages, and Other Services segments. The company provides travel-related services, including domestic and international air ticketing, hotel bookings, homestays, holiday packages, bus ticketing, rail ticketing, cab bookings, and ancillary services for leisure and business travelers. It also offers various services, including exploring and searching comprises web and mobile platforms that enable customers to explore and search flights, hotels, holiday packages, buses, trains, and activities through its website, www.yatra.com. In addition, the company provides its services through mobile applications that comprise Yatra, a mobile interface; Yatra Web Check-In, an application for flight check-in process for travelers; and Yatra Corporate, a self-booking application for business customers. Further, it offers tours, sightseeing, shows, and event services; rail and cab services, and other ancillary travel services; and sells travel vouchers and coupons. The company was incorporated in 2005 and is based in Gurugram, India.",2.5480833375423932
44,"Yum! Brands, Inc., together with its subsidiaries, develops, operates, and franchises quick service restaurants worldwide. The company operates through four segments: the KFC Division, the Taco Bell Division, the Pizza Hut Division, and the Habit Burger Grill Division. It operates restaurants under the KFC, Pizza Hut, Taco Bell, and The Habit Burger Grill brands, which specialize in chicken, pizza, made-to-order chargrilled burgers, sandwiches, Mexican-style food categories, and other food products. The company was formerly known as TRICON Global Restaurants, Inc. and changed its name to Yum! Brands, Inc. in May 2002. Yum! Brands, Inc. was incorporated in 1997 and is headquartered in Louisville, Kentucky.",3.0150081614028634
45,"Yum China Holdings, Inc. owns, operates, and franchises restaurants in the People's Republic of China. The company operates through KFC, Pizza Hut, and All Other segments. It operates restaurants under the KFC, Pizza Hut, Taco Bell, Lavazza, Little Sheep, and Huang Ji Huang concepts. The company also operates V-Gold Mall, a mobile e-commerce platform, which sells electronics, home and kitchen accessories, and other general merchandise, as well as fried rice, steak, and pasta; and offers online food deliver services. Yum China Holdings, Inc. was incorporated in 2016 and is headquartered in Shanghai, the People's Republic of China.",2.721443286126084
46,"The fund invests in financial instruments that ProShare Advisors believes, in combination, should produce daily returns consistent with the fund's investment objective. The index comprises 50 of the largest and most liquid Chinese stocks (H Shares, Red Chips and P Chips) listed and trading on the Hong Kong Exchange (HKEx). The fund is non-diversified.",1.5408901550253766
47,"The fund will normally invest at least 80% of its net assets in securities of the index. Because the index is comprised of securities issued by other investment companies, the fund operates in a manner that is commonly referred to as a ""fund of funds,"" meaning that it invests its assets in shares of funds that are included in the index. The index seeks to measure the performance of the top 45 U.S. exchange-listed closed-end funds.",3.2346290844513614
48,"Zillow Group, Inc. operates real estate brands on mobile applications and Websites in the United States. The company operates through Internet, Media & Technology (IMT); Mortgages; and Homes segments. Its IMT segment offers premier agent and rentals marketplaces, as well as other services, which includes new construction marketplace, advertising, and business technology solutions, as well as display and dotloop and floor plans. The company's Mortgages segment provides mortgage originations and the sale of mortgages, and advertising to mortgage lenders and other mortgage services. Its Homes segment offers title and escrow services. The company's brand portfolio includes Zillow Premier Agent, Zillow Home Loans, Zillow Closing Services, Zillow Rentals, Trulia, StreetEasy, HotPads, and Out East; and Mortech, a suite of marketing software and technology solutions for the real estate industry, as well as New Home Feed and ShowingTime+, and Bridge Interactive. Zillow Group, Inc. was incorporated in 2004 and is headquartered in Seattle, Washington.",3.2876979425926685
49,"Zapp Electric Vehicles Limited operates an electric motorcycle company. Its i300 is the first in a suite of electric two-wheelers that the company plans to bring to market. It offers a direct-to-customer experience known as DSDTC (drop-ship-direct-to-customer). The company sells its product the i300, to customers online and delivered to the home, as well as provides at-home inspection, service, and support throughout the vehicle ownership lifecycle. The company was incorporated in 2017 and is based in Bangkok, Thailand, with additional office in Paris, France.",2.370197189343818
50,"Zimmer Biomet Holdings, Inc., together with its subsidiaries, operates as a medical technology company in the Americas, Europe, the Middle East, Africa, and the Asia Pacific. The company designs, manufactures, and markets orthopaedic reconstructive products, such as knee and hip products; S.E.T. products, including sports medicine, biologics, foot and ankle, extremities, and trauma products; craniomaxillofacial and thoracic products comprising face and skull reconstruction products, as well as products that fixate and stabilize the bones of the chest to facilitate healing or reconstruction after open heart surgery, trauma, or for deformities of the chest. It also offers robotic, surgical, and bone cement products. The company's products and solutions are used to treat patients suffering from disorders of, or injuries to, bones, joints, or supporting soft tissues. It serves orthopaedic surgeons, neurosurgeons, hospitals, stocking distributors, healthcare dealers, and other specialists, as well as agents, healthcare purchasing organizations, or buying groups. The company was formerly known as Zimmer Holdings, Inc. and changed its name to Zimmer Biomet Holdings, Inc. in June 2015. Zimmer Biomet Holdings, Inc. was founded in 1927 and is headquartered in Warsaw, Indiana.",2.847468775527448
51,"Zebra Technologies Corporation, together with its subsidiaries, provides enterprise asset intelligence solutions in the automatic identification and data capture solutions industry worldwide. It operates in two segments, Asset Intelligence & Tracking and Enterprise Visibility & Mobility. The company designs, manufactures, and sells printers, which produce labels, wristbands, tickets, receipts, and plastic cards; dye-sublimination thermal card printers, which produce images which are used for personal identification, access control, and financial transactions; RFID printers that encode data into passive RFID transponders; accessories and options for our printers, including vehicle mounts and battery chargers; stock and customized thermal labels, receipts, ribbons, plastic cards, and RFID tags for printers; and temperature-monitoring labels primarily used in vaccine distribution. It also provides various maintenance, technical support, repair, and managed and professional services; real-time location systems and services; and tags, sensors, exciters, middleware software, and application software; as well as physical inventory management solutions, and rugged tablets and enterprise-grade mobile computing products and accessories. In addition, the company offers barcode scanners, RFID readers, industrial machine vision cameras, and fixed industrial scanners, workforce management solutions, workflow execution and task management solutions, and prescriptive analytics solutions, as well as communications and collaboration solutions. It also provides cloud-based software subscriptions and robotics automation solutions. The company serves retail and e-commerce, manufacturing, transportation and logistics, healthcare, public sector, and other industries through direct sales force, and network of channel partners. The company was founded in 1969 and is headquartered in Lincolnshire, Illinois.",2.7145962037093825
52,"Zhongchao Inc. provides healthcare information, education, and training services in the People's Republic of China. The company offers online and onsite health information services, healthcare education programs, and healthcare training products, including clinical practice training, open classes of popular medical topics, interactive case studies, academic conference and workshops, continuing education courses, and articles and short videos with educational healthcare content. It also provides customized medical courses and medical training services; and patient management services through online platform under the Zhongxun brand. The company operates through its mdmooc.org online platform under the MDMOOC brand; and Sunshine Health Forums, a Wechat subscription account and mobile app. It serves enterprises, non-for-profit organizations, and medical journals, as well as healthcare professionals, nurses, doctors, and other healthcare workers. The company was founded in 2012 and is headquartered in Shanghai, China.",5.8489656048256125
53,"Ziff Davis, Inc. provides internet information and services in the United States, Canada, Ireland, and internationally. It operates in two segments, Digital Media, and Cybersecurity and Martech. The Digital Media segment operates a portfolio of web properties and apps, which include IGN, RetailMeNot, Mashable, PCMag, Humble Bundle, Speedtest, Offers.com, Black Friday, MedPageToday, Everyday Health, BabyCenter, and What to Expect, among others in the technology, shopping, entertainment, and health and wellness markets. The Cybersecurity and Martech segment provides cloud-based subscription services to consumers and businesses, including cybersecurity, privacy, and marketing technology. The company was formerly known as j2 Global, Inc. and changed its name to Ziff Davis, Inc. in October 2021. Ziff Davis, Inc. was incorporated in 2014 and is headquartered in New York, New York.",2.2851501700902346
54,"Zedge, Inc. builds digital marketplaces and competitive games around content that people use to express themselves. It offers the Zedge Ringtones and Wallpapers app, a freemium digital content marketplace that provides a wide array of mobile personalization content, including mobile phone wallpapers, video wallpapers, ringtones, and notification sounds. The company also provides GuruShots, a platform for skill-based photo challenge game that offers a fun, educational, and structured way for amateur photographers to compete in various contests showcasing their photos while gaining recognition with votes, badges, and awards. Zedge, Inc. was incorporated in 2008 and is based in New York, New York.",1.9516735296416632
55,"Zenvia Inc. develops a cloud-based platform that enables organizations to integrate several communication capabilities in Brazil, Mexico, and Argentina. It offers communication channels for businesses to engage or interact with their customers, such as SMS, Voice, WhatsApp, Facebook Instagram, Webchat, Messenger, rich communication service (RCS), and video; and communication solutions comprising SaaS for communication between businesses and end-consumers, such as marketing campaigns, sales teams' management, customer service and engagement, and customer success. The company also provides Zenvia Chat, a customer service platform that manages different communication channels in a single environment; Zenvia Message, a campaign manager to trigger RCS, SMS, and WhatsApp messages; Sirena, a solution for sales teams to communicate with customers through WhatsApp; and SenseData, a solution that uses advanced techniques to integrate and analyze large volumes of customer data, creating a unique 360º view of the customers and generating insights. In addition, it offers Zenvia Flow, a visual flow builder that allows customers to create communication and/or automation flows; Jornadas solution for enterprise clients to communicate with their customers through various digital channels and generate data-rich documents; and ALTU, the conversational automation solution for larger companies to solve their customer needs with automated yet humanized service through artificial intelligence. The company's platform assists customers in various use cases comprising marketing campaigns, customer acquisition, customer onboarding, warnings, customer services, fraud control, cross-selling and customer retention, ticket resolution, consumer health, and others. Zenvia Inc. was incorporated in 2020 and is based in São Paulo, Brazil.",8.111549964739664
56,"Zepp Health Corporation, together with its subsidiaries, develops, manufactures, and sells smart wearable technological devices in the People's Republic of China. It operates through two segments, Self-Branded Products and Others and Xiaomi Wearable Products. The company offers smart bands, watches, and scales; and associated accessories, smart hearable products, home treadmill, sportswear, home appliances, and smart watch accessories under the Xiaomi and Amazfit brands. It provides charts and graphs to display analysis of the activity and biometric data collected from users through its Zepp Life and Zepp mobile apps. The company was formerly known as Huami Corporation and changed its name to Zepp Health Corporation in February 2021. Zepp Health Corporation was founded in 2013 and is headquartered in Hefei, the People's Republic of China.",7.970747220015983
57,"Zeta Global Holdings Corp. operates an omnichannel data-driven cloud platform that provides enterprises with consumer intelligence and marketing automation software in the United States and internationally. The company's Zeta Marketing Platform analyzes billions of structured and unstructured data points to predict consumer intent by leveraging sophisticated machine learning algorithms and the industry's opted-in data set for omnichannel marketing; and Consumer Data platform ingests, analyzes, and distills disparate data points to generate a single view of a consumer, encompassing identity, profile characteristics, behaviors, and purchase intent. It also offers various types of product suites, such as opportunity explorer, and CDP+, which helps in consolidating multiple databases and internal and external data feeds and organize data based on needs and performance metrics. Zeta Global Holdings Corp. was incorporated in 2007 and is headquartered in New York, New York.",2.1803263049817727
58,"Olympic Steel, Inc. processes, distributes, and stores metal products in the United States and internationally. It operates in three segments: Carbon Flat Products; Specialty Metals Flat Products; and Tubular and Pipe Products. The company offers stainless steel and aluminum coil and sheet products, angles, rounds, and flat bars; alloy, heat treated, and abrasion resistant coils, sheets and plates; coated metals, including galvanized, galvannealed, electro galvanized, advanced high strength steels, aluminized, and automotive grades of steel; commercial quality, advanced high strength steel, drawing steel, and automotive grades cold rolled steel coil and sheet products; hot rolled carbon comprising hot rolled coil, pickled and oiled sheet and plate steel products, automotive grades, advanced high strength steels, and high strength low alloys; tube, pipe, and bar products, including round, square, and rectangular mechanical and structural tubing; hydraulic and stainless tubing; boiler tubing; carbon, stainless, and aluminum pipes; valves and fittings; and tin mill products, such as electrolytic tinplate, electrolytic chromium coated steel, and black plates. The company also provides cutting-to-length, slitting, shearing, blanking, tempering, stretcher-leveling, plate and laser processing, forming and machining, tube processing, finishing, and fabrication services, as well as value-added services, such as saw cutting, laser cutting, beveling, threading, and grooving services. It serves metal consuming industries, such as manufacturers and fabricators of transportation and material handling lift equipment, construction, mining and farm equipment, agriculture equipment, storage tanks, environmental and energy generation equipment, automobiles, food service, and electrical equipment, as well as general and plate fabricators, and metals service centers through direct sales force. Olympic Steel, Inc. was founded in 1954 and is based in Highland Hills, Ohio",2.5278892774598836
59,"Zillow Group, Inc. operates real estate brands on mobile applications and Websites in the United States. The company operates through Internet, Media & Technology (IMT); Mortgages; and Homes segments. Its IMT segment offers premier agent and rentals marketplaces, as well as other services, which includes new construction marketplace, advertising, and business technology solutions, as well as display and dotloop and floor plans. The company's Mortgages segment provides mortgage originations and the sale of mortgages, and advertising to mortgage lenders and other mortgage services. Its Homes segment offers title and escrow services. The company's brand portfolio includes Zillow Premier Agent, Zillow Home Loans, Zillow Closing Services, Zillow Rentals, Trulia, StreetEasy, HotPads, and Out East; and Mortech, a suite of marketing software and technology solutions for the real estate industry, as well as New Home Feed and ShowingTime+, and Bridge Interactive. Zillow Group, Inc. was incorporated in 2004 and is headquartered in Seattle, Washington.",3.382665859072299
60,"Ermenegildo Zegna N.V., together with its subsidiaries, designs, manufactures, markets, and distributes luxury menswear, footwear, leather goods, and other accessories under the Zegna and the Thom Browne brands. It provides luxury leisurewear for men; formal suits, tuxedos, shirts, blazers, formal overcoats, and accessories; leather accessories comprising shoes, bags, belts, and small leather accessories; and fragrances. The company also offers luxury womenswear and childrenswear under the Thom Browne brand, as well as provides eyewear, cufflinks and jewelry, watches, underwear, and beachwear manufactured by third parties under licenses. It serves customers through its retail stores and online channels in Europe, the Middle East, Africa, North America, Latin America, the Asia Pacific, and internationally. The company was founded in 1910 and is based in Trivero, Italy. Ermenegildo Zegna N.V. is a subsidiary of Monterubello Societa' Semplice.",2.035647904582452
61,"Zhihu Inc. operates an online content community in the People's Republic of China. Its community allows people to seek inspiration, find solutions, make decisions, and have fun. The company also offers technology, business support, and consulting services; information transmission, software, and information technology services; information and marketing services; vocational training; and internet services, as well as holds audio-visual permit. Zhihu Inc. was founded in 2010 and is headquartered in Beijing, the People's Republic of China.",7.6888469791177645
62,"ZoomInfo Technologies Inc., through its subsidiaries, provides go-to-market intelligence and engagement platform for sales and marketing teams in the United States and internationally. The company's cloud-based platform provides information on organizations and professionals to help users identify target customers and decision makers, obtain continually updated predictive lead and company scoring, monitor buying signals and other attributes of target companies, craft messages, engage through automated sales tools, and track progress through the deal cycle. It serves enterprises, mid-market companies, and down to small businesses that operate in various industry verticals, including software, business services, manufacturing, telecommunications, financial services, retail, media and internet, transportation, education, hospitality, and real estate. ZoomInfo Technologies Inc. was founded in 2007 and is headquartered in Vancouver, Washington.",2.528063031967684
63,"ZIM Integrated Shipping Services Ltd., together with its subsidiaries, provides container shipping and related services in Israel and internationally. It provides door-to-door and port-to-port transportation services for various types of customers, including end-users, consolidators, and freight forwarders. The company also offers ZIMonitor, a premium reefer cargo tracking service. As of December 31, 2022, it operated a fleet of 150 vessels, which included 139 container vessels and 11 vehicle transport vessels, of which nine vessels were owned by it and 141 vessels are chartered-in; and network of 67 weekly lines. The company was incorporated in 1945 and is headquartered in Haifa, Israel.",2.590487206833736
64,"ZimVie Inc., a medical technology company, develops, manufactures, and markets a portfolio of products and solutions designed to treat various spine pathologies, and support dental tooth replacement and restoration procedures worldwide. It offers dental implant systems, prosthetic and abutment products, surgical instrumentation, and kits; bone grafts, barrier membranes, allografts, and collagen wound care products; hardware and software solutions consist of intraoral scanners and RealGUIDE; and virtual treatment planning services, guided surgery solutions, CAD/CAM workflow systems, and patient-specific restorative components and intra-oral scanners, as well as spinal fusion implants and instrumentation for various spinal procedures, biologics, and bone healing technologies. The company also provides MIS solutions, such as Vital MIS and Timberline; and motion preservation solutions, including Mobi-C and The Tether. ZimVie Inc. was incorporated in 2021 and is headquartered in Westminster, Colorado.",5.548132399045458
65,"Zions Bancorporation, National Association provides various banking and related services primarily in the states of Arizona, California, Colorado, Idaho, Nevada, New Mexico, Oregon, Texas, Utah, Washington, and Wyoming. The company offers corporate banking services; commercial banking, including a focus on small- and medium-sized businesses; commercial real estate banking services; municipal and public finance services; retail banking, including residential mortgages; trust services; wealth management and private client banking services; and capital markets products and services. The company was formerly known as ZB, National Association and changed its name to Zions Bancorporation, National Association in September 2018. Zions Bancorporation, National Association was founded in 1873 and is headquartered in Salt Lake City, Utah.",2.312181267713264
66,"ZipRecruiter, Inc., together with its subsidiaries, operates a marketplace that connects job seekers and employers. The company's platform is a two-sided marketplace, which enables employers to post jobs and access other features, where the job seekers are able to apply to jobs with a single click. ZipRecruiter, Inc. was incorporated in 2010 and is headquartered in Santa Monica, California.",2.716061680492756
67,"ZIVO Bioscience, Inc., a research and development company, engages in licensing and selling natural bioactive ingredients derived from its proprietary algae cultures to animal, human, and dietary supplement and medical food manufacturers. The company operates in the biotech and agtech sectors, with an intellectual property portfolio comprising proprietary algal and bacterial strains, biologically active molecules and complexes, production techniques, cultivation techniques, and patented or patent-pending inventions for applications in human and animal health. Its products indications include poultry gut health, bovine mastitis, canine joint health, human immune modification, algal biomass for human consumption, and biomass for supporting skin health / anti-aging. The company was formerly known as Health Enhancement Products, Inc. and changed its name to ZIVO Bioscience, Inc. in October 2014. ZIVO Bioscience, Inc. is headquartered in Bloomfield Hills, Michigan.",2.306415086201507
68,"ZK International Group Co., Ltd., through its subsidiaries, engages in the designing, producing, and selling double-press thin-walled stainless steel, carbon steel, and single-press tubes and fittings in the People's Republic of China. It offers carbon and stainless steel strips; carbon and stainless steel pipes; light gauge stainless steel pipes; pipe connections and fittings; and couplings, unions, adapters, caps, plug pipes, elbows, three-way fittings, tees, cross, side-inlet elbows, wyes, reducers, bushings, pipe fasteners, and pipe flanges. The company also provides stainless steel band, copper strip, valve, light industry machinery and equipment, and other stainless steel products. Its products are used in various applications, including water and gas transmission within urban infrastructural development, residential housing development, food and beverage production, oil and gas exploitation, and agricultural irrigation. The company also exports its products to Europe, Africa, and Southeast Asia. ZK International Group Co., Ltd. was incorporated in 2015 and is based in Wenzhou, the People's Republic of China.",5.558359392631418
69,"Zai Lab Limited develops and commercializes therapies to treat oncology, autoimmune disorders, infectious diseases, and neuroscience primarily in Mainland China and Hong Kong. Its commercial products include Zejula, a once-daily small-molecule poly polymerase 1/2 inhibitor; Optune, a device that delivers tumor treating fields; NUZYRA for acute bacterial skin and skin structure infections, and community acquired bacterial pneumonia; and Qinlock to treat gastrointestinal stromal tumors. The company also develops Odronextamab to treat follicular lymphoma, diffuse large B-cell lymphoma, and other B-celllymphomas; Repotrectinib, a tyrosine kinase inhibitor (TKI) to target ROS1 and TRK A/B/C in TKI-naïve- or -pretreated cancer patients; Margetuximab for the treatment of breast and gastroesophageal cancers; Tisotumab vedotin, an antibody drug conjugate; Adagrasib for treating KRAS-G12C-mutated NSCLC, colorectal cancer, pancreatic cancer, and other solid tumors; and Bemarituzumab to treat gastric and gastroesophageal junction cancer. In addition, it develops Zipalertinib for the treatment of patients with EGFR exon 20 insertion NSCLC; Elzovantinib, an orally bioavailable multi-targeted kinase inhibitor; ZL-2313, an investigational oral EGFR inhibitor; ZL-1211, a humanized IgG1 monoclonal antibody that targets CLDN18.2; ZL-1218 is humanized IgG1 monoclonal antibody to induce potent antibody-dependent cellular cytotoxicity activity that enables NK cell-mediated killing of CCR8-expressing T-regs; Efgartigimod to reduce disease-causing immunoglobulin G antibodies; ZL-1102, a human nanobody targeting interleukin- 17A; Sulbactam/durlobactam for the treatment of serious infections caused by Acinetobacter; and KarXT for the treatment of psychiatric and neurological conditions. The company was incorporated in 2013 and is headquartered in Shanghai, China.",3.1070356538304136
70,"Zoom Video Communications, Inc. provides unified communications platform in the Americas, the Asia Pacific, Europe, the Middle East, and Africa. The company offers Zoom Meetings that offers HD video, voice, chat, and content sharing through mobile devices, desktops, laptops, telephones, and conference room systems; Zoom Phone, an enterprise cloud phone system; and Zoom Chat enables users to share messages, images, audio files, and content in desktop, laptop, tablet, and mobile devices. It also provides Zoom Rooms, a software-based conference room system; Zoom Hardware-as-a-Service allows users to access video communication technology from third party equipment; Zoom Conference Room Connector, a gateway for SIP/H.323 endpoints to join Zoom meetings; Zoom Events, which enables users to manage and host internal and external virtual events; OnZoom, a prosumer-focused virtual event platform and marketplace for Zoom users to create, host, and monetize online events; and Zoom Webinars to provide video presentations to large audiences from many devices. In addition, the company offers Zoom Developer Platform that enables developers, platform integrators, service providers, and customers to build apps and integrations using Zoom's video-based communications solutions, as well as integrate Zoom's technology into their products and services; Zoom App Marketplace, which helps developers to publish their apps, as well as third-party integrations of Zoom; and Zoom Contact Center, an omnichannel contact center solution. It serves individuals; and education, entertainment/media, enterprise infrastructure, finance, government, healthcare, manufacturing, non-profit/not for profit and social impact, retail/consumer products, and software/Internet industries. The company was formerly known as Zoom Communications, Inc. and changed its name to Zoom Video Communications, Inc. in May 2012. The company was incorporated in 2011 and is headquartered in San Jose, California.",2.306330524725343
71,"Zentalis Pharmaceuticals, Inc., a clinical-stage biopharmaceutical company, focuses on discovering and developing small molecule therapeutics for the treatment of various cancers. Its products candidatures include the ZN-c3, an inhibitor of WEE1, a protein tyrosine kinase, which is in Phase 2 clinical trial for the treatment of inhibitor for advanced solid tumors and hematological malignancies; in Phase 2 clinical trial as a monotherapy for the treatment of uterine serous carcinoma indications; Phase 2 clinical trial in Cyclin E1 driven high-grade serous ovarian cancer, fallopian tube, or primary peritoneal cancer; Phase 1/2 clinical trial in combination with PARPi for platinum-resistant ovarian cancer; Phase 1b clinical trial in combination with chemotherapy in platinum-resistant ovarian, and peritoneal or fallopian tube cancer; Phase 1/2 clinical trial in combination with chemotherapy in relapsed or refractory osteosarcoma; Phase 1/2 clinical trial with encorafenib and cetuximab for mutant metastatic colorectal cancer; and Phase 1/2 clinical trial in combination with chemotherapy in pancreatic cancer. The company's products pipeline also includes ZN-d5, an oral small molecule inhibitor of B-cell lymphoma 2, for hematological malignancies and related disorders; and BCL-xL heterobifunctional degrader, a member of the anti-apoptotic BCL-2 proteins, for solid tumors and hematological malignancies. Zentalis Pharmaceuticals, Inc. has licensing agreements and strategic collaborations with Recurium IP Holdings, LLC; Pfizer, Inc.; Zentera Therapeutics: and GlaxoSmithKline plc. The company was incorporated in 2014 and is headquartered in New York, New York.",2.365579193816377
72,"Zomedica Corp., a veterinary health company, focuses on the unmet needs of clinical veterinarians by developing products for companion animals. The company offers diagnostic products comprising TRUFORMA Bulk Acoustic Wave point of care diagnostic platform and VetGuardian, a zero-touch vital signs remote monitoring system, as well as Revo Squared imaging platform comprising diagnostic imaging products and services for use in animal health. It also provides therapeutic products, including PulseVet electrohydraulic shockwave therapy platform; and Assisi Loop line of products, including the Assisi Loop, Assisi Loop Lounge, and DentaLoop devices that treat pain and inflammation through delivery of targeted pulsed electromagnetic field focused energy. The company has collaboration agreements with Celsee, Inc. for the development and commercialization of liquid biopsy assays and related consumables for the detection of cancer in companion animals; and Seraph Biosciences, Inc. for the development of a novel pathogen detection system. The company was formerly known as Zomedica Pharmaceuticals Corp. and changed its name to Zomedica Corp. in October 2020. Zomedica Corp. is headquartered in Ann Arbor, Michigan.",4.144678234275927
73,"The fund invests at least 80% of its total assets (exclusive of collateral held from securities lending) in the component securities of the ICE BofA Long US Treasury Principal STRIPS Index (the ""underlying index""). The underlying index is an unmanaged index comprised of long maturity Separate Trading of Registered Interest and Principal of Securities (""STRIPS"") representing the final principal payment of U.S. Treasury bonds.",3.537065495255778
74,"Zscaler, Inc. operates as a cloud security company worldwide. The company offers Zscaler Internet Access solution that provides users, workloads, IoT, and OT devices secure access to externally managed applications, including software-as-a-service (SaaS) applications and internet destinations; and Zscaler Private Access solution, which is designed to provide access to managed applications hosted internally in data centers, and private or public clouds. It also provides Zscaler Digital Experience that measures end-to-end user experience across business applications, as well as provides an easy-to-understand digital experience score for each user, application, and location within an enterprise. In addition, the company offers Posture Control solutions comprising Cloud Security Posture Management that identifies and remediates application misconfigurations in SaaS, infrastructure as a service, and PaaS to reduce risk and ensure compliance with industry and organizational benchmarks; Cloud Infrastructure Entitlement Management that detects and remediates excessive or unused cloud permissions and enforces least privileged access without disrupting productivity; Infrastructure as Code (IaC), which analyzes IaC templates to identify misconfigurations and other security issues prior to deployment to cloud infrastructure; and Vulnerability Scanning and Data Loss Prevention solutions. Its platform modules include Zscaler Central Authority, Zscaler Enforcement Node, and Zscaler Log Servers. The company serves customers in airlines and transportation, conglomerates, consumer goods and retail, financial services, healthcare, manufacturing, media and communications, public sector and education, technology, and telecommunications services industries. The company was formerly known as SafeChannel, Inc., and changed its name to Zscaler, Inc. in August 2008. Zscaler, Inc. was incorporated in 2007 and is headquartered in San Jose, California.",3.226782626314514
75,"The fund seeks to meet its investment objective by investing under normal market conditions in any one of, or combinations of, Financial Instruments (including swap agreements, futures contracts and forward contracts) based on the fund’s benchmark.",7.083560656688894
76,"Zentek Ltd. engages in the research and development of graphene and related nanomaterials in Canada. It owns 100% interest in the Albany Graphite project located in Northern Ontario, Canada. The company develops graphene-based antimicrobial coating under the ZenGUARD brand, surgical masks, HVAC filters, personal protective equipment, rapid detection point of care diagnostics tests, and pharmaceutical products based on graphene-based compound. In addition, it develops graphene oxide synthesis and graphene synthesis. The company was formerly known as ZEN Graphene Solutions Ltd. and changed its name to Zentek Ltd. in October 2021. Zentek Ltd. was incorporated in 2008 and is headquartered in Thunder Bay, Canada.",2.3103231078453277
77,"ZTO Express (Cayman) Inc. provides express delivery and other value-added logistics services in the People's Republic of China. It offers freight forwarding services; and delivery services for e-commerce and traditional merchants, and other express service users. The company was founded in 2002 and is headquartered in Shanghai, the People's Republic of China.",2.670231792250996
78,"Virtus Global Dividend & Income Fund Inc. is a closed-ended balanced mutual fund launched by Virtus Investment Partners, Inc. The fund is co-managed by Virtus Investment Advisers, Inc., Kayne Anderson Rudnick Investment Management LLC and Newfleet Asset Management, LLC. It invests in the public equity and fixed income markets of the United States. The fund seeks to invest in securities of companies operating across diversified sectors. It primarily invests in reasonably priced growth (GARP) stocks of large cap companies and investment grade bonds issued by companies and governments. The fund is actively managed. It benchmarks the performance of its portfolio against a composite index comprised of 60% Russell Developed Large Cap Index and 40% Bloomberg Barclays U.S. Aggregate Bond Index. The fund was formerly known as The Zweig Total Return Fund, Inc. Virtus Global Dividend & Income Fund Inc. was formed on September 30, 1988 and is domiciled in the United States.",3.658977202077185
79,"Zoetis Inc. discovers, develops, manufactures, and commercializes animal health medicines, vaccines, and diagnostic products in the United States and internationally. It commercializes products primarily across species, including livestock, such as cattle, swine, poultry, fish, and sheep and others; and companion animals comprising dogs, cats, and horses. The company also offers parasiticides; vaccines; anti-infectives; other pharmaceutical products; dermatology; and medicated feed additives. In addition, the company provides animal health diagnostics, including point-of-care diagnostic products and laboratory; and other non-pharmaceutical products. It markets its products to veterinarians, livestock producers, and pet owners. The company was founded in 1952 and is headquartered in Parsippany, New Jersey.",3.0575089133255555
80,"Zumiez Inc., together with its subsidiaries, operates as a specialty retailer of apparel, footwear, accessories, and hardgoods for young men and women. The company also offers hardgoods, including skateboards, snowboards, bindings, components, and other equipment. It operates stores in the United States, Canada, Europe, and Australia under the names of Zumiez, Blue Tomato, and Fast Times. The company also operates zumiez.com, zumiez.ca, blue-tomato.com, and fasttimes.com.au e-commerce websites. Zumiez Inc. was founded in 1978 and is headquartered in Lynnwood, Washington.",3.3262031280881783
81,"Zuora, Inc., together with its subsidiaries, provides cloud-based subscription management platform that enables companies in various industries to launch, manage, and transform into a subscription business. The company offers Zuora platform that acts as an orchestration engine that allows customers quote-to-cash and revenue operations; and Zuora Billing that helps customers to set payment terms, manage hierarchical billing relationships, consolidate invoicing across multiple subscriptions, and tax transactions. It also provides Zuora Revenue, a revenue recognition automation solution; Zuora CPQ for configure, price, and quote various subscription options; Zuora Collect designed to/ handle the complicated function of payments associated with subscription-based businesses; Zephr, a digital subscriber experience platform for digital publishing and media industry; and Zuora Marketplace. It sells its products through its systems integrators, consultants, and ecosystem partners. Zuora, Inc. was incorporated in 2006 and is headquartered in Redwood City, California.",4.836326404056802
82,"Zevia PBC, a beverage company, develops, markets, sells, and distributes various carbonated and non-carbonated soft drinks in the United States and Canada. It offers soda, energy drinks, organic tea, mixers, and kidz drinks. The company offers its products through various retail channels, including grocery distributors, national retailers, warehouse club, and natural products retailers, as well as e-commerce channels. It provides its products under the Zevia brand name. The company was founded in 2007 and is headquartered in Encino, California.",5.829490290877334
83,"Zevra Therapeutics, Inc., a rare disease company melding science, discovers and develops various proprietary prodrugs to treat serious medical conditions in the United States. The company utilizes its Ligand Activated Therapy technology to generate improved prodrug versions of FDA-approved drugs, as well as to generate prodrug versions of existing compounds that may have applications for new disease indications. Its prodrug product candidate pipeline is focused on the high need areas of attention deficit hyperactivity disorder, stimulant use disorder, and CNS rare diseases, including idiopathic hypersomnia (IH). The company's lead product candidate KP1077, which is under Phase II clinical trial for the treatment of IH and narcolepsy, is based on its prodrug of d-methylphenidate, known as serdexmethylphenidate. It is also developing KP879, a prodrug product candidate for the treatment of stimulant use disorder and is under Phase II clinical trial. In addition, the company has received FDA approval for AZSTARYS, a once-daily treatment for attention deficit hyperactivity disorder in patents age six years and older, and for APADAZ, an immediate-release combination product containing benzhydrocodone, a prodrug of hydrocodone, and acetaminophen. The company's product pipeline include, arimoclomol It has collaboration and license agreement with KVK-Tech, Inc. and Commave Therapeutics SA. The company was formerly known as KemPharm, Inc. and changed its name to Zevra Therapeutics, Inc. in February 2023. Zevra Therapeutics, Inc. was incorporated in 2006 and is headquartered in Celebration, Florida.",2.825522846222351
84,"ZyVersa Therapeutics, Inc., a clinical stage biopharmaceutical company, develops and commercializes products for the treatment of renal and inflammatory diseases. It engages in the development of VAR 200, a cholesterol efflux mediator, which is in Phase 2a clinical trial to the treatment of multiple renal indications, such as focal segmental glomerulosclerosis, alport syndrome, and diabetic nephropathy; and IC 100, a monoclonal antibody inflammasome ASC inhibitor that is in preclinical stage for treatment of multitude of inflammatory diseases. ZyVersa Therapeutics, Inc. is headquartered in Weston, Florida.",7.25315730933996
85,"Zurn Elkay Water Solutions Corporation engages in design, procurement, manufacture, and marketing of water management solutions in the United States, Canada, and internationally. It offers water safety and control products, including interceptors, water control and backflow, fire protection, PEX pipings and tubings, valves, fittings, and installation tools under the Zurn and Wilkis brand names. The company also provides flow systems products, comprising point drains, hydrants, fixture carrier systems, chemical drainage systems; and interceptors and separators, acid neutralization systems, and remote monitoring systems under the Zurn and Green Turtle brands. In addition, it develops, manufactures, and markets remote tank monitoring devices, alarm, software, and services. Further, the company offers sensor-operated flush valves under the Aquaflush, AquaSense, and AquaVantage brands; heavy-duty commercial faucets under the AquaSpec brand; water conserving fixtures under the EcoVantage and Zurn One brands; stainless steel products under the Just Manufacturing brand name, which include stainless steel sinks and plumbing fixtures, and various types of sinks, as well as drinking water products, such as dispensing and filtration products. It serves higher education, healthcare, retail, restaurant, hospitality, education, government, and fire protection markets. The company was formerly known as Zurn Water Solutions Corporation. Zurn Elkay Water Solutions Corporation was incorporated in 2006 and is headquartered in Milwaukee, Wisconsin.",3.5558159981162465
86,"Zymeworks Inc., a clinical-stage biopharmaceutical company, discovers, develops, and commercializes biotherapeutics for the treatment of cancer. The company's lead product candidates include Zanidatamab, a human epidermal growth factor receptor 2 (HER2) that is in Phase 1, Phase 2, and Phase 3 clinical trials for the treatment of biliary tract, gastroesophageal adenocarcinomas, breast, colorectal, and endometrial cancers; and zanidatamab zovodotin, a HER2 -targeted antibody-drug conjugate that is in Phase 1 clinical trial for the treatment of advanced or metastatic HER2-expressing tumors. It also develops a pipeline of preclinical product candidates and discovery-stage programs in oncology, including immuno-oncology agents and other therapeutic areas. The company has strategic partnerships and collaborations with BeiGene, Ltd.; Celgene Corporation; Celgene Alpine Investment Co. LLC; GlaxoSmithKline Intellectual Property Development Limited; Daiichi Sankyo Co., Ltd.; Janssen Biotech, Inc.; LEO Pharma A/S; Iconic Therapeutics, Inc.; Merck Sharp & Dohme Research GmbH; and Atreca, Inc. Zymeworks Inc. was incorporated in 2003 and is headquartered in Vancouver, Canada.",7.513054645091113
87,"Zynex, Inc., together with its subsidiaries, designs, manufactures, and markets medical devices to treat chronic and acute pain; and activate and exercise muscles for rehabilitative purposes with electrical stimulation. The company offers NexWave, a dual channel, multi-modality interferential current, transcutaneous electrical nerve stimulation, and neuromuscular electrical stimulation (NMES) device that is marketed to physicians and therapists by field sales representatives; NeuroMove, an electromyography and electric stimulation technology device; InWave, an electrical stimulation product for the treatment of female urinary incontinence; and E-Wave, an NMES device. It also supplies private labeled products, including electrodes for the delivery of electrical current to the body, and batteries for use in electrotherapy products. In addition, the company distributes Comfortrac/Saunders for cervical traction, JetStream for hot/cold therapy, LSO Back Braces for lumbar support, and knee braces for knee support. Further, it offers Zynex Fluid Monitoring System (CM-1500), a fluid volume monitor, which is a non-invasive medical device for monitoring relative fluid volume changes used in operating and recovery rooms to detect fluid loss during surgery and internal bleeding during recovery; Zynex Wireless Fluid Monitoring System (CM-1600), a noninvasive monitoring device designed to measure relative changes in fluid volume in adult patients; NiCO CO-Oximeter, a laser-based noninvasive co-oximeter; and HemeOx tHb Oximeter, a laser-based total hemoglobin pulse oximeter. The company provides its products for use in pain management and control; stroke and spinal cord injury rehabilitation; hemodynamic monitoring; and pulse oximetry monitoring. It sells its products through direct sales force primarily in the United States. Zynex, Inc. was founded in 1996 and is headquartered in Englewood, Colorado.",2.602913444400083
